artist,music_name,duration,lastfm_url,youtube_url,mood_EN,mood_KOR
Doja Cat,Streets,0,https://www.last.fm/music/Doja+Cat/_/Streets,https://www.youtube.com/watch?v=jJdlgKzVsnI,Intense,강렬한
Olivia Rodrigo,Bad Idea Right?,0,https://www.last.fm/music/Olivia+Rodrigo/_/Bad+Idea+Right%3F,https://www.youtube.com/watch?v=Dj9qJsJTsjQ,Intense,강렬한
Arcade Fire,Intervention,0,https://www.last.fm/music/Arcade+Fire/_/Intervention,https://www.youtube.com/watch?v=ZO7ZWfvCjBE,Intense,강렬한
Jeff Buckley,So Real,318,https://www.last.fm/music/Jeff+Buckley/_/So+Real,https://www.youtube.com/watch?v=EcaxrqhUJ4c,Intense,강렬한
Deftones,Minerva,257,https://www.last.fm/music/Deftones/_/Minerva,https://www.youtube.com/watch?v=mLa0-sQg1YM,Intense,강렬한
My Chemical Romance,Sleep,331,https://www.last.fm/music/My+Chemical+Romance/_/Sleep,https://www.youtube.com/watch?v=RSAoJJzVXYY,Intense,강렬한
Twenty One Pilots,Car Radio,289,https://www.last.fm/music/Twenty+One+Pilots/_/Car+Radio,https://www.youtube.com/watch?v=92XVwY54h5k,Intense,강렬한
Interpol,Leif Erikson,241,https://www.last.fm/music/Interpol/_/Leif+Erikson,https://www.youtube.com/watch?v=SRFa9N4fGtc,Intense,강렬한
Deftones,Pink Maggit,455,https://www.last.fm/music/Deftones/_/Pink+Maggit,https://www.youtube.com/watch?v=unlAwsVfHPs,Intense,강렬한
The Weeknd,Coming Down,295,https://www.last.fm/music/The+Weeknd/_/Coming+Down,https://www.youtube.com/watch?v=WVg1mbxTkFo,Intense,강렬한
Death Grips,The Fever (Aye Aye),187,https://www.last.fm/music/Death+Grips/_/The+Fever+(Aye+Aye),,Intense,강렬한
Regina Spektor,Après Moi,308,https://www.last.fm/music/Regina+Spektor/_/Apr%C3%A8s+Moi,https://www.youtube.com/watch?v=QbeHq1CLqJ8,Intense,강렬한
Katy Perry,Swish Swish,0,https://www.last.fm/music/Katy+Perry/_/Swish+Swish,https://www.youtube.com/watch?v=iGk5fR-t5AU,Intense,강렬한
Deftones,Kimdracula,194,https://www.last.fm/music/Deftones/_/Kimdracula,https://www.youtube.com/watch?v=WLO2fppkO14,Intense,강렬한
Death Grips,Hustle Bones,192,https://www.last.fm/music/Death+Grips/_/Hustle+Bones,,Intense,강렬한
Royal Blood,Out of the Black,240,https://www.last.fm/music/Royal+Blood/_/Out+of+the+Black,https://www.youtube.com/watch?v=bSdtvfBQd6c,Intense,강렬한
Eminem,No Love,0,https://www.last.fm/music/Eminem/_/No+Love,https://www.youtube.com/watch?v=KV2ssT8lzj8,Intense,강렬한
Sabrina Carpenter,Vicious,0,https://www.last.fm/music/Sabrina+Carpenter/_/Vicious,https://www.youtube.com/watch?v=cZg3t5Nu1Lo,Intense,강렬한
Daft Punk,The Game Has Changed,205,https://www.last.fm/music/Daft+Punk/_/The+Game+Has+Changed,https://www.youtube.com/watch?v=AISkUx8iaBo,Intense,강렬한
Beyoncé,ALL UP IN YOUR MIND,0,https://www.last.fm/music/Beyonc%C3%A9/_/ALL+UP+IN+YOUR+MIND,https://www.youtube.com/watch?v=Z7Zzl9J0YvQ,Intense,강렬한
Blur,Beetlebum - 2012 Remaster,0,https://www.last.fm/music/Blur/_/Beetlebum+-+2012+Remaster,https://www.youtube.com/watch?v=9SB22gM7-Ac,Intense,강렬한
N.W.A.,Fuck Tha Police,343,https://www.last.fm/music/N.W.A./_/Fuck+Tha+Police,https://www.youtube.com/watch?v=qZuxPKUVGiw,Intense,강렬한
Death Grips,Punk Weight,204,https://www.last.fm/music/Death+Grips/_/Punk+Weight,,Intense,강렬한
Eminem,Kim,377,https://www.last.fm/music/Eminem/_/Kim,https://www.youtube.com/watch?v=-SeVN2u5Axc,Intense,강렬한
The Killers,Shot at the Night,241,https://www.last.fm/music/The+Killers/_/Shot+at+the+Night,https://www.youtube.com/watch?v=X4YK-DEkvcw,Intense,강렬한
Miley Cyrus,WTF Do I Know,0,https://www.last.fm/music/Miley+Cyrus/_/WTF+Do+I+Know,https://www.youtube.com/watch?v=yqwYgpnCRGA,Intense,강렬한
Damien Rice,Rootless Tree,0,https://www.last.fm/music/Damien+Rice/_/Rootless+Tree,https://www.youtube.com/watch?v=JgdXaoEKXXU,Intense,강렬한
"Tyler, the Creator",Radicals,438,"https://www.last.fm/music/Tyler,+the+Creator/_/Radicals",https://www.youtube.com/watch?v=D1wbULXdG2k,Intense,강렬한
Brand New,Welcome to Bangkok,185,https://www.last.fm/music/Brand+New/_/Welcome+to+Bangkok,https://www.youtube.com/watch?v=B1as2LqfISM,Intense,강렬한
Sex Bob-Omb,We Are Sex Bob-Omb,121,https://www.last.fm/music/Sex+Bob-Omb/_/We+Are+Sex+Bob-Omb,https://www.youtube.com/watch?v=tceoGDRxtcI,Intense,강렬한
Ratatat,Nostrand,183,https://www.last.fm/music/Ratatat/_/Nostrand,https://www.youtube.com/watch?v=kVtGCACwpW8,Intense,강렬한
Toby Fox,MeGaLoVania,0,https://www.last.fm/music/Toby+Fox/_/MeGaLoVania,https://www.youtube.com/watch?v=0FCvzsVlXpQ,Intense,강렬한
The Cure,To Wish Impossible Things,283,https://www.last.fm/music/The+Cure/_/To+Wish+Impossible+Things,https://www.youtube.com/watch?v=BDs49nJUifQ,Intense,강렬한
Damien Rice,Elephant,407,https://www.last.fm/music/Damien+Rice/_/Elephant,https://www.youtube.com/watch?v=wVW_0tfq0Go,Intense,강렬한
The Cure,From the Edge of the Deep Green Sea,464,https://www.last.fm/music/The+Cure/_/From+the+Edge+of+the+Deep+Green+Sea,https://www.youtube.com/watch?v=8V96VQsxdLc,Intense,강렬한
Kendrick Lamar,untitled 05 | 09.21.2014.,0,https://www.last.fm/music/Kendrick+Lamar/_/untitled+05+%7C+09.21.2014.,https://www.youtube.com/watch?v=GQT3NLk17dE,Intense,강렬한
Death Grips,Giving Bad People Good Ideas,0,https://www.last.fm/music/Death+Grips/_/Giving+Bad+People+Good+Ideas,,Intense,강렬한
Bat for Lashes,Good Love,269,https://www.last.fm/music/Bat+for+Lashes/_/Good+Love,https://www.youtube.com/watch?v=vGWIau88Ivs,Intense,강렬한
The Microphones,"the Glow, pt. 2",0,"https://www.last.fm/music/The+Microphones/_/the+Glow,+pt.+2",https://www.youtube.com/watch?v=dvw9tuK9has,Intense,강렬한
Muse,Recess,217,https://www.last.fm/music/Muse/_/Recess,https://www.youtube.com/watch?v=PHMxWe0AII0,Intense,강렬한
Nujabes,Lady Brown (feat. Cise Starr from CYNE),0,https://www.last.fm/music/Nujabes/_/Lady+Brown+(feat.+Cise+Starr+from+CYNE),https://www.youtube.com/watch?v=V8Xh5ErjIyM,Intense,강렬한
Brand New,Limousine,0,https://www.last.fm/music/Brand+New/_/Limousine,https://www.youtube.com/watch?v=6FfF9fIDqFg,Intense,강렬한
Incubus,Redefine,199,https://www.last.fm/music/Incubus/_/Redefine,https://www.youtube.com/watch?v=6-l70vss23M,Intense,강렬한
Deftones,Combat,286,https://www.last.fm/music/Deftones/_/Combat,https://www.youtube.com/watch?v=-UxTAgDLOcE,Intense,강렬한
Low,Lullaby,589,https://www.last.fm/music/Low/_/Lullaby,https://www.youtube.com/watch?v=zEmtfA8FETc,Intense,강렬한
Panic! at the Disco,Golden Days,0,https://www.last.fm/music/Panic%21+at+the+Disco/_/Golden+Days,https://www.youtube.com/watch?v=ooEv1cH97HA,Intense,강렬한
Deftones,Knife Party,0,https://www.last.fm/music/Deftones/_/Knife+Party,https://www.youtube.com/watch?v=tMqfNzaOf10,Intense,강렬한
The Mars Volta,Goliath,435,https://www.last.fm/music/The+Mars+Volta/_/Goliath,https://www.youtube.com/watch?v=lrwMMF2QS14,Intense,강렬한
Fidlar,No Waves,141,https://www.last.fm/music/Fidlar/_/No+Waves,https://www.youtube.com/watch?v=ghWNil2_FmQ,Intense,강렬한
Aphex Twin,54 Cymru Beats,366,https://www.last.fm/music/Aphex+Twin/_/54+Cymru+Beats,https://www.youtube.com/watch?v=Ol_UYJdGB9g,Intense,강렬한
The Microphones,I Want to Be Cold,101,https://www.last.fm/music/The+Microphones/_/I+Want+to+Be+Cold,https://www.youtube.com/watch?v=FLvp7aOWNbU,Intense,강렬한
Björk,Desired Constellation,276,https://www.last.fm/music/Bj%C3%B6rk/_/Desired+Constellation,https://www.youtube.com/watch?v=9Ex_M6DT1ig,Intense,강렬한
TOMORROW X TOGETHER,Opening Sequence,0,https://www.last.fm/music/TOMORROW+X+TOGETHER/_/Opening+Sequence,https://www.youtube.com/watch?v=3bEAQmFy5Xw,Intense,강렬한
Foster the People,A Beginner's Guide to Destroying the Moon,279,https://www.last.fm/music/Foster+the+People/_/A+Beginner%27s+Guide+to+Destroying+the+Moon,https://www.youtube.com/watch?v=Gt-sW6H2UMM,Intense,강렬한
Björk,An Echo A Stain,254,https://www.last.fm/music/Bj%C3%B6rk/_/An+Echo+A+Stain,https://www.youtube.com/watch?v=A9qAsxDFS84,Intense,강렬한
Björk,Where Is the Line,0,https://www.last.fm/music/Bj%C3%B6rk/_/Where+Is+the+Line,https://www.youtube.com/watch?v=F4Fz6SBjGGs,Intense,강렬한
Florence + the Machine,Landscape (demo),242,https://www.last.fm/music/Florence+%252B+the+Machine/_/Landscape+(demo),https://www.youtube.com/watch?v=b9AVvJABoBg,Intense,강렬한
Justice,Canon,219,https://www.last.fm/music/Justice/_/Canon,https://www.youtube.com/watch?v=JZ-0IEtHEac,Intense,강렬한
Grizzly Bear,Colorado,374,https://www.last.fm/music/Grizzly+Bear/_/Colorado,https://www.youtube.com/watch?v=Fjv564OSeAQ,Intense,강렬한
Fugazi,Glue Man,277,https://www.last.fm/music/Fugazi/_/Glue+Man,https://www.youtube.com/watch?v=KT4j9AVw7Co,Intense,강렬한
Kanye West,Good Morning (Intro),0,https://www.last.fm/music/Kanye+West/_/Good+Morning+(Intro),https://www.youtube.com/watch?v=6CHs4x2uqcQ,Intense,강렬한
Glee Cast,Don't Rain on My Parade,165,https://www.last.fm/music/Glee+Cast/_/Don%27t+Rain+on+My+Parade,https://www.youtube.com/watch?v=W0ULgXjo4Yo,Intense,강렬한
Tegan and Sara,Dark Come Soon,187,https://www.last.fm/music/Tegan+and+Sara/_/Dark+Come+Soon,https://www.youtube.com/watch?v=0sNv4Oqb5IE,Intense,강렬한
Björk,Ancestors,248,https://www.last.fm/music/Bj%C3%B6rk/_/Ancestors,https://www.youtube.com/watch?v=loezb0DdL_E,Intense,강렬한
Death Grips,Hot Head,0,https://www.last.fm/music/Death+Grips/_/Hot+Head,,Intense,강렬한
Cloud Nothings,Wasted Days,0,https://www.last.fm/music/Cloud+Nothings/_/Wasted+Days,https://www.youtube.com/watch?v=6xe004-QETY,Intense,강렬한
Deerhunter,Twilight at Carbon Lake,264,https://www.last.fm/music/Deerhunter/_/Twilight+at+Carbon+Lake,https://www.youtube.com/watch?v=yMuRwnYJxqY,Intense,강렬한
The Cure,End,407,https://www.last.fm/music/The+Cure/_/End,https://www.youtube.com/watch?v=goGjslXZZQA,Intense,강렬한
Kendrick Lamar,m.A.A.d city (feat. MC Eiht),0,https://www.last.fm/music/Kendrick+Lamar/_/m.A.A.d+city+(feat.+MC+Eiht),https://www.youtube.com/watch?v=10yrPDf92hY,Intense,강렬한
TV on the Radio,Ambulance,294,https://www.last.fm/music/TV+on+the+Radio/_/Ambulance,https://www.youtube.com/watch?v=vRgLVHjVgSY,Intense,강렬한
Tenacious D,Rize of the Fenix,352,https://www.last.fm/music/Tenacious+D/_/Rize+of+the+Fenix,https://www.youtube.com/watch?v=tSh15cNYWdQ,Intense,강렬한
PJ Harvey,Rub 'til It Bleeds,303,https://www.last.fm/music/PJ+Harvey/_/Rub+%27til+It+Bleeds,https://www.youtube.com/watch?v=QVeP-AHFk-s,Intense,강렬한
John Maus,Cop Killer,162,https://www.last.fm/music/John+Maus/_/Cop+Killer,https://www.youtube.com/watch?v=GgxVktBNZjY,Intense,강렬한
Father John Misty,Bored in the USA,262,https://www.last.fm/music/Father+John+Misty/_/Bored+in+the+USA,https://www.youtube.com/watch?v=JODshFyKHuA,Intense,강렬한
Slowdive,Primal,329,https://www.last.fm/music/Slowdive/_/Primal,https://www.youtube.com/watch?v=jAUBj6dqvDM,Intense,강렬한
"Black Country, New Road",Instrumental,0,"https://www.last.fm/music/Black+Country,+New+Road/_/Instrumental",https://www.youtube.com/watch?v=95k_xxZvMIc,Intense,강렬한
Explosions in the Sky,"Be Comfortable, Creature",528,"https://www.last.fm/music/Explosions+in+the+Sky/_/Be+Comfortable,+Creature",https://www.youtube.com/watch?v=20GtVTZE9Wk,Intense,강렬한
Kanye West,Drive Slow (feat. Paul Wall & GLC),0,https://www.last.fm/music/Kanye+West/_/Drive+Slow+(feat.+Paul+Wall+&+GLC),https://www.youtube.com/watch?v=Q1ViJEYNki4,Intense,강렬한
Broken Social Scene,Chase Scene,211,https://www.last.fm/music/Broken+Social+Scene/_/Chase+Scene,https://www.youtube.com/watch?v=U7lGxNx7SWQ,Intense,강렬한
Sinéad O'Connor,Troy,390,https://www.last.fm/music/Sin%C3%A9ad+O%27Connor/_/Troy,https://www.youtube.com/watch?v=0c4v7fp5GC8,Intense,강렬한
Brand New,Vices,204,https://www.last.fm/music/Brand+New/_/Vices,https://www.youtube.com/watch?v=9_A2xSxdU14,Intense,강렬한
Fugazi,Promises,0,https://www.last.fm/music/Fugazi/_/Promises,https://www.youtube.com/watch?v=vEDDd1vTZTM,Intense,강렬한
King Geedorah,I Wonder,0,https://www.last.fm/music/King+Geedorah/_/I+Wonder,https://www.youtube.com/watch?v=wVc-y2X-3IM,Intense,강렬한
Converge,Dark Horse,175,https://www.last.fm/music/Converge/_/Dark+Horse,https://www.youtube.com/watch?v=OY_L13vHLuo,Intense,강렬한
The National,Cherry Tree,267,https://www.last.fm/music/The+National/_/Cherry+Tree,https://www.youtube.com/watch?v=aDYIF9fdJRM,Intense,강렬한
The Glitch Mob,We Swarm,354,https://www.last.fm/music/The+Glitch+Mob/_/We+Swarm,https://www.youtube.com/watch?v=orxrBbywTdE,Intense,강렬한
Death Grips,Beware,353,https://www.last.fm/music/Death+Grips/_/Beware,,Intense,강렬한
Nick Cave & The Bad Seeds,The Ship Song,282,https://www.last.fm/music/Nick+Cave+&+The+Bad+Seeds/_/The+Ship+Song,https://www.youtube.com/watch?v=T0spQCw35D4,Intense,강렬한
Frank Zappa,Son of Mr. Green Genes,540,https://www.last.fm/music/Frank+Zappa/_/Son+of+Mr.+Green+Genes,https://www.youtube.com/watch?v=_YNK4m_kN-8,Intense,강렬한
...And You Will Know Us by the Trail of Dead,It Was There That I Saw You,242,https://www.last.fm/music/...And+You+Will+Know+Us+by+the+Trail+of+Dead/_/It+Was+There+That+I+Saw+You,https://www.youtube.com/watch?v=EK8gS9xTNz0,Intense,강렬한
Modest Mouse,Satellite Skin,238,https://www.last.fm/music/Modest+Mouse/_/Satellite+Skin,https://www.youtube.com/watch?v=am8pPOFJi9g,Intense,강렬한
Le Tigre,The The Empty,124,https://www.last.fm/music/Le+Tigre/_/The+The+Empty,https://www.youtube.com/watch?v=uJkWaW9ywXY,Intense,강렬한
DIIV,Wait,196,https://www.last.fm/music/DIIV/_/Wait,https://www.youtube.com/watch?v=-Cp4Nk32h9w,Intense,강렬한
Linda Perhacs,"Hey, Who Really Cares",0,"https://www.last.fm/music/Linda+Perhacs/_/Hey,+Who+Really+Cares",https://www.youtube.com/watch?v=RGd_Kt1Nh7Q,Intense,강렬한
Cloud Nothings,No Future/No Past,281,https://www.last.fm/music/Cloud+Nothings/_/No+Future%2FNo+Past,https://www.youtube.com/watch?v=6X1URP5eg6I,Intense,강렬한
Swans,Helpless Child,947,https://www.last.fm/music/Swans/_/Helpless+Child,https://www.youtube.com/watch?v=02LJOqJqaRE,Intense,강렬한
The Weeknd,"Fill The Void (with Lily Rose Depp, Ramsey)",0,"https://www.last.fm/music/The+Weeknd/_/Fill+The+Void+(with+Lily+Rose+Depp,+Ramsey)",https://www.youtube.com/watch?v=2QMyW1LZBBM,Intense,강렬한
Young the Giant,Islands,246,https://www.last.fm/music/Young+the+Giant/_/Islands,https://www.youtube.com/watch?v=3Q7QkZRaSuI,Intense,강렬한
Björk,Vertebræ by Vertebræ,308,https://www.last.fm/music/Bj%C3%B6rk/_/Vertebr%C3%A6+by+Vertebr%C3%A6,https://www.youtube.com/watch?v=-3gdWgEd1V4,Intense,강렬한
Manic Street Preachers,Faster,233,https://www.last.fm/music/Manic+Street+Preachers/_/Faster,https://www.youtube.com/watch?v=Y5PI7k_ZiQ0,Intense,강렬한
The Walkmen,In The New Year,262,https://www.last.fm/music/The+Walkmen/_/In+The+New+Year,https://www.youtube.com/watch?v=A59oNmjWDO4,Intense,강렬한
The Cure,Doubt,191,https://www.last.fm/music/The+Cure/_/Doubt,https://www.youtube.com/watch?v=w0yEfbI8jdQ,Intense,강렬한
The Cure,Fight,267,https://www.last.fm/music/The+Cure/_/Fight,https://www.youtube.com/watch?v=E-0QB1b8wSg,Intense,강렬한
The Mountain Goats,Dilaudid,175,https://www.last.fm/music/The+Mountain+Goats/_/Dilaudid,https://www.youtube.com/watch?v=6Dhyw30g__Q,Intense,강렬한
PJ Harvey,Victory,195,https://www.last.fm/music/PJ+Harvey/_/Victory,https://www.youtube.com/watch?v=vxYzDmVEnyM,Intense,강렬한
Fugazi,Bed for the Scraping,0,https://www.last.fm/music/Fugazi/_/Bed+for+the+Scraping,https://www.youtube.com/watch?v=SSFDzFxlNRE,Intense,강렬한
Black Rebel Motorcycle Club,Six Barrel Shotgun,185,https://www.last.fm/music/Black+Rebel+Motorcycle+Club/_/Six+Barrel+Shotgun,https://www.youtube.com/watch?v=m0nKCq1hsqU,Intense,강렬한
Björk,Family,0,https://www.last.fm/music/Bj%C3%B6rk/_/Family,https://www.youtube.com/watch?v=wcMwXUiOaSc,Intense,강렬한
Patrick Wolf,Tristan,159,https://www.last.fm/music/Patrick+Wolf/_/Tristan,https://www.youtube.com/watch?v=xS4tBqvfPko,Intense,강렬한
Future Islands,Tin Man,193,https://www.last.fm/music/Future+Islands/_/Tin+Man,https://www.youtube.com/watch?v=058V2svoA30,Intense,강렬한
PJ Harvey,It's You,251,https://www.last.fm/music/PJ+Harvey/_/It%27s+You,https://www.youtube.com/watch?v=s2Ticys-n1Y,Intense,강렬한
And So I Watch You From Afar,Set Guitars to Kill,329,https://www.last.fm/music/And+So+I+Watch+You+From+Afar/_/Set+Guitars+to+Kill,https://www.youtube.com/watch?v=hRD8z4cTjTM,Intense,강렬한
Tortoise,Ten-Day Interval,401,https://www.last.fm/music/Tortoise/_/Ten-Day+Interval,https://www.youtube.com/watch?v=e40AAaf17j4,Intense,강렬한
Drowning Pool,Sermon,259,https://www.last.fm/music/Drowning+Pool/_/Sermon,https://www.youtube.com/watch?v=1LEHeyoHgq8,Intense,강렬한
Youth Lagoon,Mute,358,https://www.last.fm/music/Youth+Lagoon/_/Mute,https://www.youtube.com/watch?v=mSXyr6im7kk,Intense,강렬한
Brand New,Noro,387,https://www.last.fm/music/Brand+New/_/Noro,https://www.youtube.com/watch?v=Ph-n4QQvKbs,Intense,강렬한
Tori Amos,Me and a Gun,362,https://www.last.fm/music/Tori+Amos/_/Me+and+a+Gun,https://www.youtube.com/watch?v=_jjaiM71CtI,Intense,강렬한
La Dispute,Damaged Goods,175,https://www.last.fm/music/La+Dispute/_/Damaged+Goods,https://www.youtube.com/watch?v=ppjlFriEOeM,Intense,강렬한
Gnarls Barkley,Open Book,201,https://www.last.fm/music/Gnarls+Barkley/_/Open+Book,https://www.youtube.com/watch?v=hHf24_q14pU,Intense,강렬한
Susumu Yokota,Tobiume,278,https://www.last.fm/music/Susumu+Yokota/_/Tobiume,https://www.youtube.com/watch?v=eu6rBUu5-SA,Intense,강렬한
Killer Mike,Reagan,252,https://www.last.fm/music/Killer+Mike/_/Reagan,https://www.youtube.com/watch?v=93-yorGyNwk,Intense,강렬한
Death Grips,Cut Throat (instrumental),72,https://www.last.fm/music/Death+Grips/_/Cut+Throat+(instrumental),,Intense,강렬한
Hüsker Dü,Chartered Trips,219,https://www.last.fm/music/H%C3%BCsker+D%C3%BC/_/Chartered+Trips,https://www.youtube.com/watch?v=ayw4tkZ6NMw,Intense,강렬한
Pretty Lights,I Know The Truth,288,https://www.last.fm/music/Pretty+Lights/_/I+Know+The+Truth,https://www.youtube.com/watch?v=8wCgxkQj_Qo,Intense,강렬한
Future Islands,Long Flight,311,https://www.last.fm/music/Future+Islands/_/Long+Flight,https://www.youtube.com/watch?v=-3AmnRPImfk,Intense,강렬한
Talk Talk,Taphead,421,https://www.last.fm/music/Talk+Talk/_/Taphead,https://www.youtube.com/watch?v=mUYdsA8SxYI,Intense,강렬한
Shellac,Prayer to God,170,https://www.last.fm/music/Shellac/_/Prayer+to+God,https://www.youtube.com/watch?v=3d9BCY82px8,Intense,강렬한
The Cure,The Loudest Sound,310,https://www.last.fm/music/The+Cure/_/The+Loudest+Sound,https://www.youtube.com/watch?v=dwsCt9Cx6so,Intense,강렬한
Low,Lazy,338,https://www.last.fm/music/Low/_/Lazy,https://www.youtube.com/watch?v=uhvBs3sn16A,Intense,강렬한
Girls,Die,290,https://www.last.fm/music/Girls/_/Die,https://www.youtube.com/watch?v=jplcCCfaKx4,Intense,강렬한
RJD2,Exotic Talk,223,https://www.last.fm/music/RJD2/_/Exotic+Talk,https://www.youtube.com/watch?v=y_nry8s365o,Intense,강렬한
Damien Rice,"Me, My Yoke and I",0,"https://www.last.fm/music/Damien+Rice/_/Me,+My+Yoke+and+I",https://www.youtube.com/watch?v=J_k1MEzN-pM,Intense,강렬한
Thrice,Of Dust And Nations,290,https://www.last.fm/music/Thrice/_/Of+Dust+And+Nations,https://www.youtube.com/watch?v=N-hVUpDPCdc,Intense,강렬한
Deerhunter,Neon Junkyard,172,https://www.last.fm/music/Deerhunter/_/Neon+Junkyard,https://www.youtube.com/watch?v=971C1D8Kz8Q,Intense,강렬한
M83,*,162,https://www.last.fm/music/M83/_/%2A,https://www.youtube.com/watch?v=CGHuEMGaqAc,Intense,강렬한
Daughters,The Flammable Man,0,https://www.last.fm/music/Daughters/_/The+Flammable+Man,https://www.youtube.com/watch?v=TIpPpEBCV0o,Intense,강렬한
City and Colour,Hope for Now,297,https://www.last.fm/music/City+and+Colour/_/Hope+for+Now,https://www.youtube.com/watch?v=soYfmCVeOUU,Intense,강렬한
Weezer,Why Bother,0,https://www.last.fm/music/Weezer/_/Why+Bother,https://www.youtube.com/watch?v=EUm5-1x1LfA,Intense,강렬한
Echo & the Bunnymen,The Yo Yo Man,191,https://www.last.fm/music/Echo+&+the+Bunnymen/_/The+Yo+Yo+Man,https://www.youtube.com/watch?v=T1gxp2xTeag,Intense,강렬한
Jeff Buckley,"Lover, You Should Have Come Over",0,"https://www.last.fm/music/Jeff+Buckley/_/Lover,+You+Should+Have+Come+Over",https://www.youtube.com/watch?v=F_eLuk4RjIQ,Intense,강렬한
Future Islands,Walking Through That Door,271,https://www.last.fm/music/Future+Islands/_/Walking+Through+That+Door,https://www.youtube.com/watch?v=KWnw6t4OxvM,Intense,강렬한
Xiu Xiu,Clowne Towne,230,https://www.last.fm/music/Xiu+Xiu/_/Clowne+Towne,https://www.youtube.com/watch?v=rRInZ-7Joto,Intense,강렬한
Cat Power,"Lord, Help the Poor & Needy",0,"https://www.last.fm/music/Cat+Power/_/Lord,+Help+the+Poor+&+Needy",https://www.youtube.com/watch?v=IgDPUQXop0Q,Intense,강렬한
Cloud Nothings,Psychic Trauma,172,https://www.last.fm/music/Cloud+Nothings/_/Psychic+Trauma,,Intense,강렬한
Doves,Where We're Calling From,84,https://www.last.fm/music/Doves/_/Where+We%27re+Calling+From,https://www.youtube.com/watch?v=rVtAPX7ur5o,Intense,강렬한
A Tribe Called Quest,The Pressure,183,https://www.last.fm/music/A+Tribe+Called+Quest/_/The+Pressure,https://www.youtube.com/watch?v=mn8-_ntBtqM,Intense,강렬한
Portugal. The Man,Floating (Time Isn't Working My Side),0,https://www.last.fm/music/Portugal.+The+Man/_/Floating+(Time+Isn%27t+Working+My+Side),https://www.youtube.com/watch?v=sYHx2HulywU,Intense,강렬한
Minus the Bear,When We Escape,220,https://www.last.fm/music/Minus+the+Bear/_/When+We+Escape,https://www.youtube.com/watch?v=WG7h53HMVwA,Intense,강렬한
Mayday Parade,The Last Something That Meant Anything,294,https://www.last.fm/music/Mayday+Parade/_/The+Last+Something+That+Meant+Anything,https://www.youtube.com/watch?v=rqUrf5t1_JQ,Intense,강렬한
Local Natives,Wooly Mammoth,206,https://www.last.fm/music/Local+Natives/_/Wooly+Mammoth,https://www.youtube.com/watch?v=kutPrj1DaQ0,Intense,강렬한
Shakira,Animal City,198,https://www.last.fm/music/Shakira/_/Animal+City,https://www.youtube.com/watch?v=33F3D4dnQ5I,Intense,강렬한
Young the Giant,It's About Time,228,https://www.last.fm/music/Young+the+Giant/_/It%27s+About+Time,https://www.youtube.com/watch?v=DO6LJUyNA0M,Intense,강렬한
Converge,Last Light,213,https://www.last.fm/music/Converge/_/Last+Light,https://www.youtube.com/watch?v=GNnzJJiDHok,Intense,강렬한
The Blood Brothers,Ambulance Vs. Ambulance,171,https://www.last.fm/music/The+Blood+Brothers/_/Ambulance+Vs.+Ambulance,https://www.youtube.com/watch?v=gmdMNVyupMQ,Intense,강렬한
Tori Amos,Blood Roses,255,https://www.last.fm/music/Tori+Amos/_/Blood+Roses,https://www.youtube.com/watch?v=rUNXnHcTj10,Intense,강렬한
Anberlin,(*Fin),524,https://www.last.fm/music/Anberlin/_/(%2AFin),https://www.youtube.com/watch?v=1ObKcP3yTDE,Intense,강렬한
The Replacements,Answering Machine,220,https://www.last.fm/music/The+Replacements/_/Answering+Machine,https://www.youtube.com/watch?v=bTNdhURRTv8,Intense,강렬한
Sara Bareilles,Breathe Again,409,https://www.last.fm/music/Sara+Bareilles/_/Breathe+Again,https://www.youtube.com/watch?v=gGFId40jc2w,Intense,강렬한
Cloud Nothings,No Sentiment,215,https://www.last.fm/music/Cloud+Nothings/_/No+Sentiment,https://www.youtube.com/watch?v=Ws3flnQI6J8,Intense,강렬한
Poets of the Fall,Illusion & Dream,314,https://www.last.fm/music/Poets+of+the+Fall/_/Illusion+&+Dream,https://www.youtube.com/watch?v=aZI0zEAsmu4,Intense,강렬한
Kim Petras,King of Hearts,0,https://www.last.fm/music/Kim+Petras/_/King+of+Hearts,https://www.youtube.com/watch?v=H9SFlf10ChY,Intense,강렬한
Manchester Orchestra,Colly Strings,357,https://www.last.fm/music/Manchester+Orchestra/_/Colly+Strings,https://www.youtube.com/watch?v=ba0GF7uqSio,Intense,강렬한
Mayday Parade,One Man Drinking Games,279,https://www.last.fm/music/Mayday+Parade/_/One+Man+Drinking+Games,https://www.youtube.com/watch?v=b-ynd8t2_hA,Intense,강렬한
Glee Cast,Alone,0,https://www.last.fm/music/Glee+Cast/_/Alone,https://www.youtube.com/watch?v=0uaGXk2DCsg,Intense,강렬한
Hum,The Pod,277,https://www.last.fm/music/Hum/_/The+Pod,https://www.youtube.com/watch?v=9Q397xZoMSQ,Intense,강렬한
Scissor Sisters,Invisible Light,374,https://www.last.fm/music/Scissor+Sisters/_/Invisible+Light,https://www.youtube.com/watch?v=zPnDEvn_HW0,Intense,강렬한
Banks,Trainwreck,0,https://www.last.fm/music/Banks/_/Trainwreck,https://www.youtube.com/watch?v=vSNqIerZBFs,Intense,강렬한
Primal Scream,Accelerator,221,https://www.last.fm/music/Primal+Scream/_/Accelerator,https://www.youtube.com/watch?v=WwU4B3QRPGo,Intense,강렬한
Tarja,Oasis,310,https://www.last.fm/music/Tarja/_/Oasis,https://www.youtube.com/watch?v=Lfhr1CXelGw,Intense,강렬한
Tom Waits,Kommienezuspadt,190,https://www.last.fm/music/Tom+Waits/_/Kommienezuspadt,https://www.youtube.com/watch?v=4f89w0H3mDI,Intense,강렬한
Meshuggah,The Demon's Name Is Surveillance,279,https://www.last.fm/music/Meshuggah/_/The+Demon%27s+Name+Is+Surveillance,https://www.youtube.com/watch?v=h5wbGjdSHUs,Intense,강렬한
Guided by Voices,Peep-Hole,85,https://www.last.fm/music/Guided+by+Voices/_/Peep-Hole,https://www.youtube.com/watch?v=uJX_ySasCtI,Intense,강렬한
Blackmill,Miracle,356,https://www.last.fm/music/Blackmill/_/Miracle,https://www.youtube.com/watch?v=wXVQNSlFJ6M,Intense,강렬한
Björk,Body Memory,0,https://www.last.fm/music/Bj%C3%B6rk/_/Body+Memory,https://www.youtube.com/watch?v=YTQ5yO_yEW0,Intense,강렬한
Dirty Projectors,Just from Chevron,247,https://www.last.fm/music/Dirty+Projectors/_/Just+from+Chevron,https://www.youtube.com/watch?v=nwX_KxD_EPM,Intense,강렬한
The Civil Wars,Kingdom Come,222,https://www.last.fm/music/The+Civil+Wars/_/Kingdom+Come,https://www.youtube.com/watch?v=GRpnOO3tKr4,Intense,강렬한
Alexisonfire,Midnight Regulations,251,https://www.last.fm/music/Alexisonfire/_/Midnight+Regulations,https://www.youtube.com/watch?v=58B7jlG0Czo,Intense,강렬한
Iggy Azalea,Fuck Love,160,https://www.last.fm/music/Iggy+Azalea/_/Fuck+Love,https://www.youtube.com/watch?v=5HDYJ3J29bc,Intense,강렬한
Tilly and the Wall,Bad Education,247,https://www.last.fm/music/Tilly+and+the+Wall/_/Bad+Education,https://www.youtube.com/watch?v=DQDDOGa2bEE,Intense,강렬한
Christina Aguilera,Fall in Line (feat. Demi Lovato),0,https://www.last.fm/music/Christina+Aguilera/_/Fall+in+Line+(feat.+Demi+Lovato),https://www.youtube.com/watch?v=3Q2j5ApzSqs,Intense,강렬한
Nick Cave & The Bad Seeds,The Carny,364,https://www.last.fm/music/Nick+Cave+&+The+Bad+Seeds/_/The+Carny,https://www.youtube.com/watch?v=Cur4M00sMZQ,Intense,강렬한
At the Drive-In,Proxima Centauri,165,https://www.last.fm/music/At+the+Drive-In/_/Proxima+Centauri,https://www.youtube.com/watch?v=LZCpC9mu8CY,Intense,강렬한
Thursday,Division St.,254,https://www.last.fm/music/Thursday/_/Division+St.,https://www.youtube.com/watch?v=LVYWP48nUV4,Intense,강렬한
Hurt,Rapture,340,https://www.last.fm/music/Hurt/_/Rapture,https://www.youtube.com/watch?v=3VY4UtZ28o8,Intense,강렬한
Austra,The Future,243,https://www.last.fm/music/Austra/_/The+Future,https://www.youtube.com/watch?v=pLynEv6zY3k,Intense,강렬한
Ryan Adams,The Shadowlands,318,https://www.last.fm/music/Ryan+Adams/_/The+Shadowlands,https://www.youtube.com/watch?v=_nhKPCz-3Wk,Intense,강렬한
Porcupine Tree,Black Dahlia,0,https://www.last.fm/music/Porcupine+Tree/_/Black+Dahlia,https://www.youtube.com/watch?v=wSJjCQ8h8Ng,Intense,강렬한
The Cure,The Promise,621,https://www.last.fm/music/The+Cure/_/The+Promise,https://www.youtube.com/watch?v=wUUByjVz_8w,Intense,강렬한
Thrice,Come All You Weary,251,https://www.last.fm/music/Thrice/_/Come+All+You+Weary,https://www.youtube.com/watch?v=2fZRM1rKuWA,Intense,강렬한
The Field,Is This Power,519,https://www.last.fm/music/The+Field/_/Is+This+Power,https://www.youtube.com/watch?v=YVNqWZPqxDE,Intense,강렬한
Cocteau Twins,Glass Candle Grenades,164,https://www.last.fm/music/Cocteau+Twins/_/Glass+Candle+Grenades,https://www.youtube.com/watch?v=B9mtq3knEWk,Intense,강렬한
Why?,Gemini (Birthday Song),327,https://www.last.fm/music/Why%3F/_/Gemini+(Birthday+Song),https://www.youtube.com/watch?v=9kxkFxWzZoQ,Intense,강렬한
Zayn,wRoNg,0,https://www.last.fm/music/Zayn/_/wRoNg,https://www.youtube.com/watch?v=-HWAsjirC90,Intense,강렬한
...And You Will Know Us by the Trail of Dead,Homage,209,https://www.last.fm/music/...And+You+Will+Know+Us+by+the+Trail+of+Dead/_/Homage,https://www.youtube.com/watch?v=4FC1gVBj6uo,Intense,강렬한
Bark Psychosis,A Street Scene,349,https://www.last.fm/music/Bark+Psychosis/_/A+Street+Scene,https://www.youtube.com/watch?v=fVDuq1vaphw,Intense,강렬한
Manic Street Preachers,Yes,0,https://www.last.fm/music/Manic+Street+Preachers/_/Yes,https://www.youtube.com/watch?v=2mtwZaRObP8,Intense,강렬한
Nico Vega,Beast,241,https://www.last.fm/music/Nico+Vega/_/Beast,https://www.youtube.com/watch?v=L4aaScgdXSQ,Intense,강렬한
mewithoutYou,A Glass Can Only Spill What It Contains,225,https://www.last.fm/music/mewithoutYou/_/A+Glass+Can+Only+Spill+What+It+Contains,https://www.youtube.com/watch?v=SMd35tfCiXQ,Intense,강렬한
Future Islands,The Great Fire,195,https://www.last.fm/music/Future+Islands/_/The+Great+Fire,https://www.youtube.com/watch?v=KiGpvTA4fYM,Intense,강렬한
Tool,Pushit (live),837,https://www.last.fm/music/Tool/_/Pushit+(live),https://www.youtube.com/watch?v=EgDwkSlCwHw,Intense,강렬한
The Fall of Troy,The Hol[ ]y Tape...,0,https://www.last.fm/music/The+Fall+of+Troy/_/The+Hol%5B+%5Dy+Tape...,https://www.youtube.com/watch?v=WYd_Xs3Myik,Intense,강렬한
Patrick Wolf,Ghost Song,193,https://www.last.fm/music/Patrick+Wolf/_/Ghost+Song,https://www.youtube.com/watch?v=toXV1asl7s4,Intense,강렬한
CKY,Rio Bravo,140,https://www.last.fm/music/CKY/_/Rio+Bravo,https://www.youtube.com/watch?v=AsK0DasGvLU,Intense,강렬한
Muse,Host,258,https://www.last.fm/music/Muse/_/Host,https://www.youtube.com/watch?v=oHrTkXrmK1s,Intense,강렬한
Future Islands,Vireo's Eye,247,https://www.last.fm/music/Future+Islands/_/Vireo%27s+Eye,https://www.youtube.com/watch?v=jpCokkmZlWA,Intense,강렬한
Patrick Wolf,Apparition,76,https://www.last.fm/music/Patrick+Wolf/_/Apparition,https://www.youtube.com/watch?v=kHcl8_BATGM,Intense,강렬한
The Game,Dope Boys,0,https://www.last.fm/music/The+Game/_/Dope+Boys,https://www.youtube.com/watch?v=GrELc4rcUTg,Intense,강렬한
The Album Leaf,Within Dreams,286,https://www.last.fm/music/The+Album+Leaf/_/Within+Dreams,https://www.youtube.com/watch?v=Fegio5Z5AA0,Intense,강렬한
Vivian Girls,Tell The World,0,https://www.last.fm/music/Vivian+Girls/_/Tell+The+World,https://www.youtube.com/watch?v=aqevDRhfrso,Intense,강렬한
Future Islands,Inch of Dust,213,https://www.last.fm/music/Future+Islands/_/Inch+of+Dust,https://www.youtube.com/watch?v=rsJE6_P-wug,Intense,강렬한
Sleater-Kinney,Steep Air,244,https://www.last.fm/music/Sleater-Kinney/_/Steep+Air,https://www.youtube.com/watch?v=_VJ1flRKjqQ,Intense,강렬한
Whirr,Junebouvier,229,https://www.last.fm/music/Whirr/_/Junebouvier,https://www.youtube.com/watch?v=l2iXrNl5bJQ,Intense,강렬한
Wipers,When It's Over,390,https://www.last.fm/music/Wipers/_/When+It%27s+Over,https://www.youtube.com/watch?v=tUm_FeB0KlQ,Intense,강렬한
The Mountain Goats,Oceanographer's Choice,267,https://www.last.fm/music/The+Mountain+Goats/_/Oceanographer%27s+Choice,https://www.youtube.com/watch?v=fnBQcRAIwCY,Intense,강렬한
Titus Andronicus,"Fear And Loathing In Mahwah, Nj",355,"https://www.last.fm/music/Titus+Andronicus/_/Fear+And+Loathing+In+Mahwah,+Nj",https://www.youtube.com/watch?v=b8mHQYeMLRk,Intense,강렬한
Cat Power,Good Clean Fun,286,https://www.last.fm/music/Cat+Power/_/Good+Clean+Fun,https://www.youtube.com/watch?v=0PhBsQhydKg,Intense,강렬한
Gonjasufi,Kobwebz,133,https://www.last.fm/music/Gonjasufi/_/Kobwebz,https://www.youtube.com/watch?v=fAAZvHvfqZU,Intense,강렬한
Zola Jesus,Hikikomori,222,https://www.last.fm/music/Zola+Jesus/_/Hikikomori,https://www.youtube.com/watch?v=AjoY20hc4BA,Intense,강렬한
Kerli,Bulletproof,301,https://www.last.fm/music/Kerli/_/Bulletproof,https://www.youtube.com/watch?v=7V4boRlfeiY,Intense,강렬한
The Faint,Phone Call,242,https://www.last.fm/music/The+Faint/_/Phone+Call,https://www.youtube.com/watch?v=f_Xi_mut5gk,Intense,강렬한
Low,Whitetail,303,https://www.last.fm/music/Low/_/Whitetail,https://www.youtube.com/watch?v=Yf0G3REja2o,Intense,강렬한
Fugazi,Returning the Screw,193,https://www.last.fm/music/Fugazi/_/Returning+the+Screw,https://www.youtube.com/watch?v=_Iz8Ppz6d5c,Intense,강렬한
